{"cameraMode":{"drawMode":0,"name":"Shaded","section":"Shading Mode"},"sceneLighting":true,"audioPlay":false,"sceneViewState":{"m_AlwaysRefresh":false,"showFog":true,"showSkybox":true,"showFlares":true,"showImageEffects":true,"showParticleSystems":true,"showVisualEffectGraphs":true,"m_FxEnabled":true},"in2DMode":false,"pivot":{"x":520.6036987304688,"y":316.16583251953127,"z":-289.24737548828127},"rotation":{"x":0.010189867578446865,"y":-0.008401617407798767,"z":-0.0000854639511089772,"w":-0.99991375207901},"size":155.7411346435547,"orthographic":false}